,Theme,URL
0,5G,https://www.etf.com/FIVG
1,5G,https://www.etf.com/NXTG
2,5G,https://www.etf.com/TENG
3,5G,https://www.etf.com/WUGI
4,5G,https://www.etf.com/CWC
5,Aerospace & Defense,https://www.etf.com/ITA
6,Aerospace & Defense,https://www.etf.com/XAR
7,Aerospace & Defense,https://www.etf.com/PPA
8,Aerospace & Defense,https://www.etf.com/DFEN
9,Aerospace & Defense,https://www.etf.com/SHLD
10,Aggressive,https://www.etf.com/AOA
11,Aggressive,https://www.etf.com/CLSA
12,Aggressive,https://www.etf.com/DUDE
13,Aggressive,https://www.etf.com/QPX
14,Aggressive,https://www.etf.com/ARMR
15,Aggressive,https://www.etf.com/WIZ
16,Aggressive,https://www.etf.com/PWS
17,Aggressive,https://www.etf.com/EAOA
18,Aggressive,https://www.etf.com/BOB
19,Aggressive,https://www.etf.com/TAEQ
20,Agriculture,https://www.etf.com/MOO
21,Agriculture,https://www.etf.com/VEGI
22,Agriculture,https://www.etf.com/VEGN
23,Agriculture,https://www.etf.com/FTAG
24,Agriculture,https://www.etf.com/KROP
25,Agriculture,https://www.etf.com/EATV
26,Agriculture,https://www.etf.com/YUMY
27,Airlines,https://www.etf.com/JETS
28,Asset Management & Custody Banks,https://www.etf.com/BIZD
29,Asset Management & Custody Banks,https://www.etf.com/PSP
30,Asset Management & Custody Banks,https://www.etf.com/BDCZ
31,Asset Management & Custody Banks,https://www.etf.com/BDCX
32,Asset Management & Custody Banks,https://www.etf.com/PEX
33,Banks,https://www.etf.com/KBWB
34,Banks,https://www.etf.com/FTXO
35,Big Tech,https://www.etf.com/FNGU
36,Big Tech,https://www.etf.com/BULZ
37,Big Tech,https://www.etf.com/FNGO
38,Big Tech,https://www.etf.com/FNGS
39,Big Tech,https://www.etf.com/FNGD
40,Big Tech,https://www.etf.com/FNGG
41,Big Tech,https://www.etf.com/BERZ
42,Biotechnology,https://www.etf.com/IBB
43,Biotechnology,https://www.etf.com/XBI
44,Biotechnology,https://www.etf.com/FBT
45,Biotechnology,https://www.etf.com/LABU
46,Biotechnology,https://www.etf.com/BBH
47,Biotechnology,https://www.etf.com/PBE
48,Biotechnology,https://www.etf.com/SBIO
49,Biotechnology,https://www.etf.com/LABD
50,Biotechnology,https://www.etf.com/BBP
51,Biotechnology,https://www.etf.com/CHB
52,Blockchain,https://www.etf.com/BLOK
53,Blockchain,https://www.etf.com/BLCN
54,Blockchain,https://www.etf.com/LEGR
55,Blockchain,https://www.etf.com/BKCH
56,Blockchain,https://www.etf.com/BLKC
57,Broad Maturities,https://www.etf.com/AGG
58,Broad Maturities,https://www.etf.com/BND
59,Broad Maturities,https://www.etf.com/BNDX
60,Broad Maturities,https://www.etf.com/TIP
61,Broad Maturities,https://www.etf.com/LQD
62,Broad Maturities,https://www.etf.com/MUB
63,Broad Maturities,https://www.etf.com/MBB
64,Broad Maturities,https://www.etf.com/SCHP
65,Broad Maturities,https://www.etf.com/TLT
66,Broad Maturities,https://www.etf.com/IUSB
67,Broad Maturities,https://www.etf.com/PFF
68,Broad Maturities,https://www.etf.com/GOVT
69,Broad Maturities,https://www.etf.com/EMB
70,Broad Maturities,https://www.etf.com/VTEB
71,Broad Maturities,https://www.etf.com/HYG
72,Broad Maturities,https://www.etf.com/VMBS
73,Broad Maturities,https://www.etf.com/SCHZ
74,Broad Maturities,https://www.etf.com/FPE
75,Broad Maturities,https://www.etf.com/USHY
76,Broad Maturities,https://www.etf.com/JNK
77,Broad Maturities,https://www.etf.com/SPAB
78,Broad Maturities,https://www.etf.com/USIG
79,Broad Maturities,https://www.etf.com/PGX
80,Broad Maturities,https://www.etf.com/CWB
81,Broad Maturities,https://www.etf.com/FIXD
82,Broad Maturities,https://www.etf.com/HYLB
83,Broad Maturities,https://www.etf.com/SPMB
84,Broad Maturities,https://www.etf.com/ANGL
85,Broad Maturities,https://www.etf.com/BOND
86,Broad Maturities,https://www.etf.com/IAGG
87,Broad Maturities,https://www.etf.com/SPIP
88,Broad Maturities,https://www.etf.com/FALN
89,Broad Maturities,https://www.etf.com/EMLC
90,Broad Maturities,https://www.etf.com/HYD
91,Broad Maturities,https://www.etf.com/VWOB
92,Broad Maturities,https://www.etf.com/TOTL
93,Broad Maturities,https://www.etf.com/FBND
94,Broad Maturities,https://www.etf.com/FMB
95,Broad Maturities,https://www.etf.com/PZA
96,Broad Maturities,https://www.etf.com/PFFD
97,Broad Maturities,https://www.etf.com/PCY
98,Broad Maturities,https://www.etf.com/HYLS
99,Broad Maturities,https://www.etf.com/BAB
100,Broad Maturities,https://www.etf.com/EAGG
101,Broad Maturities,https://www.etf.com/CMF
102,Broad Maturities,https://www.etf.com/IVOL
103,Broad Maturities,https://www.etf.com/HYMB
104,Broad Maturities,https://www.etf.com/ICVT
105,Broad Maturities,https://www.etf.com/HYDW
106,Broad Maturities,https://www.etf.com/PGF
107,Broad Maturities,https://www.etf.com/FLCB
108,Broad Maturities,https://www.etf.com/JPHY
109,Broad Maturities,https://www.etf.com/QLTA
110,Broad Maturities,https://www.etf.com/LQDH
111,Broad Maturities,https://www.etf.com/HYEM
112,Broad Maturities,https://www.etf.com/HTRB
113,Broad Maturities,https://www.etf.com/PSK
114,Broad Maturities,https://www.etf.com/EBND
115,Broad Maturities,https://www.etf.com/IGOV
116,Broad Maturities,https://www.etf.com/UCON
117,Broad Maturities,https://www.etf.com/PTBD
118,Broad Maturities,https://www.etf.com/JAGG
119,Broad Maturities,https://www.etf.com/AGGY
120,Broad Maturities,https://www.etf.com/PFXF
121,Broad Maturities,https://www.etf.com/GTO
122,Broad Maturities,https://www.etf.com/DIAL
123,Broad Maturities,https://www.etf.com/FLCO
124,Broad Maturities,https://www.etf.com/IGHG
125,Broad Maturities,https://www.etf.com/JMBS
126,Broad Maturities,https://www.etf.com/SUSC
127,Broad Maturities,https://www.etf.com/HYGV
128,Broad Maturities,https://www.etf.com/EUSB
129,Broad Maturities,https://www.etf.com/BWX
130,Broad Maturities,https://www.etf.com/CMBS
131,Broad Maturities,https://www.etf.com/GIGB
132,Broad Maturities,https://www.etf.com/AGZ
133,Broad Maturities,https://www.etf.com/CORP
134,Broad Maturities,https://www.etf.com/VTC
135,Broad Maturities,https://www.etf.com/SPHY
136,Broad Maturities,https://www.etf.com/BNDW
137,Broad Maturities,https://www.etf.com/PFFA
138,Broad Maturities,https://www.etf.com/FPEI
139,Broad Maturities,https://www.etf.com/NYF
140,Broad Maturities,https://www.etf.com/LEMB
141,Broad Maturities,https://www.etf.com/WIP
142,Broad Maturities,https://www.etf.com/EMHY
143,Broad Maturities,https://www.etf.com/MMIN
144,Broad Maturities,https://www.etf.com/IG
145,Broad Maturities,https://www.etf.com/PLW
146,Broad Maturities,https://www.etf.com/DFCF
147,Broad Maturities,https://www.etf.com/PREF
148,Broad Maturities,https://www.etf.com/FLGV
149,Broad Maturities,https://www.etf.com/GNMA
150,Broad Maturities,https://www.etf.com/CEMB
151,Broad Maturities,https://www.etf.com/FMHI
152,Broad Maturities,https://www.etf.com/FLHY
153,Broad Maturities,https://www.etf.com/GCOR
154,Broad Maturities,https://www.etf.com/JPIB
155,Broad Maturities,https://www.etf.com/NUAG
156,Broad Maturities,https://www.etf.com/SPBO
157,Broad Retail,https://www.etf.com/XRT
158,Broad Retail,https://www.etf.com/RTH
159,Broad Retail,https://www.etf.com/RETL
160,Broad Retail,https://www.etf.com/ISHP
161,Broad Retail,https://www.etf.com/EMTY
162,Broad Technology,https://www.etf.com/IGM
163,Broad Technology,https://www.etf.com/TECB
164,Broad Technology,https://www.etf.com/GTEK
165,Broad Technology,https://www.etf.com/DTEC
166,Broad Technology,https://www.etf.com/XPND
167,Broad Technology,https://www.etf.com/BTEK
168,Broad Technology,https://www.etf.com/TCHI
169,Broad Technology,https://www.etf.com/KTEC
170,Broad Technology,https://www.etf.com/TINY
171,Broad Technology,https://www.etf.com/TYNE
172,Broad Thematic,https://www.etf.com/ARKK
173,Broad Thematic,https://www.etf.com/KOMP
174,Broad Thematic,https://www.etf.com/GINN
175,Broad Thematic,https://www.etf.com/SARK
176,Broad Thematic,https://www.etf.com/IZRL
177,Broad Thematic,https://www.etf.com/GXTG
178,Broad Thematic,https://www.etf.com/TMAT
179,Broad Thematic,https://www.etf.com/MOON
180,Broad Thematic,https://www.etf.com/FMIL
181,Broad Thematic,https://www.etf.com/SSPX
182,Broad Thematic,https://www.etf.com/ENTR
183,Broad Thematic,https://www.etf.com/ANEW
184,Broad Thematic,https://www.etf.com/SXUS
185,Broad Thematic,https://www.etf.com/FITE
186,Broad Thematic,https://www.etf.com/ERSX
187,Broad Thematic,https://www.etf.com/GK
188,Broad Thematic,https://www.etf.com/FFND
189,Broad Thematic,https://www.etf.com/MVPS
190,Broad Thematic,https://www.etf.com/BNE
191,Broad Thematic,https://www.etf.com/INNO
192,Broad Thematic,https://www.etf.com/SPRX
193,Broad Thematic,https://www.etf.com/WWOW
194,Broad Thematic,https://www.etf.com/ILDR
195,Broad Thematic,https://www.etf.com/AVDG
196,Broad Thematic,https://www.etf.com/KGRO
197,Broad Thematic,https://www.etf.com/GRZZ
198,Broad Thematic,https://www.etf.com/DTOX
199,Broad-based,https://www.etf.com/SPY
200,Broad-based,https://www.etf.com/IVV
201,Broad-based,https://www.etf.com/VOO
202,Broad-based,https://www.etf.com/VTI
203,Broad-based,https://www.etf.com/QQQ
204,Broad-based,https://www.etf.com/VEA
205,Broad-based,https://www.etf.com/IEFA
206,Broad-based,https://www.etf.com/VWO
207,Broad-based,https://www.etf.com/IEMG
208,Broad-based,https://www.etf.com/IJR
209,Broad-based,https://www.etf.com/IJH
210,Broad-based,https://www.etf.com/VIG
211,Broad-based,https://www.etf.com/IWM
212,Broad-based,https://www.etf.com/VO
213,Broad-based,https://www.etf.com/EFA
214,Broad-based,https://www.etf.com/VXUS
215,Broad-based,https://www.etf.com/VGT
216,Broad-based,https://www.etf.com/VB
217,Broad-based,https://www.etf.com/XLF
218,Broad-based,https://www.etf.com/XLK
219,Broad-based,https://www.etf.com/VNQ
220,Broad-based,https://www.etf.com/VYM
221,Broad-based,https://www.etf.com/ITOT
222,Broad-based,https://www.etf.com/XLE
223,Broad-based,https://www.etf.com/XLV
224,Broad-based,https://www.etf.com/VEU
225,Broad-based,https://www.etf.com/SCHD
226,Broad-based,https://www.etf.com/RSP
227,Broad-based,https://www.etf.com/SCHX
228,Broad-based,https://www.etf.com/IXUS
229,Broad-based,https://www.etf.com/DIA
230,Broad-based,https://www.etf.com/IWB
231,Broad-based,https://www.etf.com/IWR
232,Broad-based,https://www.etf.com/SCHF
233,Broad-based,https://www.etf.com/USMV
234,Broad-based,https://www.etf.com/VV
235,Broad-based,https://www.etf.com/EEM
236,Broad-based,https://www.etf.com/VT
237,Broad-based,https://www.etf.com/ESGU
238,Broad-based,https://www.etf.com/DGRO
239,Broad-based,https://www.etf.com/SCHB
240,Broad-based,https://www.etf.com/QUAL
241,Broad-based,https://www.etf.com/DVY
242,Broad-based,https://www.etf.com/SDY
243,Broad-based,https://www.etf.com/MDY
244,Broad-based,https://www.etf.com/VGK
245,Broad-based,https://www.etf.com/XLY
246,Broad-based,https://www.etf.com/ACWI
247,Broad-based,https://www.etf.com/TQQQ
248,Broad-based,https://www.etf.com/VHT
249,Broad-based,https://www.etf.com/SCHA
250,Broad-based,https://www.etf.com/XLI
251,Broad-based,https://www.etf.com/VXF
252,Broad-based,https://www.etf.com/DFAC
253,Broad-based,https://www.etf.com/XLP
254,Broad-based,https://www.etf.com/SPLG
255,Broad-based,https://www.etf.com/XLU
256,Broad-based,https://www.etf.com/SCZ
257,Broad-based,https://www.etf.com/GSLC
258,Broad-based,https://www.etf.com/FVD
259,Broad-based,https://www.etf.com/SPDW
260,Broad-based,https://www.etf.com/MTUM
261,Broad-based,https://www.etf.com/IWV
262,Broad-based,https://www.etf.com/VFH
263,Broad-based,https://www.etf.com/XLC
264,Broad-based,https://www.etf.com/BBEU
265,Broad-based,https://www.etf.com/EWJ
266,Broad-based,https://www.etf.com/FNDX
267,Broad-based,https://www.etf.com/NOBL
268,Broad-based,https://www.etf.com/SCHM
269,Broad-based,https://www.etf.com/RDVY
270,Broad-based,https://www.etf.com/SPLV
271,Broad-based,https://www.etf.com/VSS
272,Broad-based,https://www.etf.com/HDV
273,Broad-based,https://www.etf.com/SCHE
274,Broad-based,https://www.etf.com/OEF
275,Broad-based,https://www.etf.com/VDE
276,Broad-based,https://www.etf.com/IYW
277,Broad-based,https://www.etf.com/FTCS
278,Broad-based,https://www.etf.com/XLB
279,Broad-based,https://www.etf.com/BBJP
280,Broad-based,https://www.etf.com/JEPI
281,Broad-based,https://www.etf.com/FNDF
282,Broad-based,https://www.etf.com/ESGD
283,Broad-based,https://www.etf.com/MOAT
284,Broad-based,https://www.etf.com/BBCA
285,Broad-based,https://www.etf.com/VTWO
286,Broad-based,https://www.etf.com/EFAV
287,Broad-based,https://www.etf.com/IDEV
288,Broad-based,https://www.etf.com/DGRW
289,Broad-based,https://www.etf.com/QYLD
290,Broad-based,https://www.etf.com/VDC
291,Broad-based,https://www.etf.com/FTEC
292,Broad-based,https://www.etf.com/SPYD
293,Broad-based,https://www.etf.com/EWZ
294,Broad-based,https://www.etf.com/EWT
295,Broad-based,https://www.etf.com/ESGE
296,Broad-based,https://www.etf.com/ESGV
297,Broad-based,https://www.etf.com/MCHI
298,Broad-based,https://www.etf.com/EZU
299,Cannabis,https://www.etf.com/MSOS
300,Cannabis,https://www.etf.com/MJ
301,Cannabis,https://www.etf.com/YOLO
302,Cannabis,https://www.etf.com/POTX
303,Cannabis,https://www.etf.com/CNBS
304,Cannabis,https://www.etf.com/THCX
305,Cannabis,https://www.etf.com/TOKE
306,Cannabis,https://www.etf.com/PSDN
307,Cannabis,https://www.etf.com/MJUS
308,Cannabis,https://www.etf.com/BUDX
309,Cannabis,https://www.etf.com/MJXL
310,Cannabis,https://www.etf.com/MJIN
311,Capital Appreciation,https://www.etf.com/TDSC
312,Capital Appreciation,https://www.etf.com/SWAN
313,Capital Appreciation,https://www.etf.com/DMRL
314,Capital Appreciation,https://www.etf.com/TDSD
315,Capital Appreciation,https://www.etf.com/GAL
316,Capital Appreciation,https://www.etf.com/TDSB
317,Capital Appreciation,https://www.etf.com/AGOX
318,Capital Appreciation,https://www.etf.com/TDSE
319,Capital Appreciation,https://www.etf.com/DMRI
320,Capital Appreciation,https://www.etf.com/DALI
321,Capital Appreciation,https://www.etf.com/ZHDG
322,Capital Appreciation,https://www.etf.com/RISN
323,Capital Appreciation,https://www.etf.com/SPBC
324,Capital Appreciation,https://www.etf.com/DMRM
325,Capital Appreciation,https://www.etf.com/GMOM
326,Capital Appreciation,https://www.etf.com/MPRO
327,Capital Appreciation,https://www.etf.com/LEXI
328,Capital Appreciation,https://www.etf.com/ROMO
329,Capital Appreciation,https://www.etf.com/ISWN
330,Capital Appreciation,https://www.etf.com/FFTG
331,Capital Appreciation,https://www.etf.com/TCTL
332,Capital Appreciation,https://www.etf.com/DMRE
333,Capital Appreciation,https://www.etf.com/FFHG
334,Capital Appreciation,https://www.etf.com/DMRS
335,Capital Appreciation,https://www.etf.com/TDSA
336,Capital Appreciation,https://www.etf.com/RHRX
337,Capital Appreciation,https://www.etf.com/DSCF
338,Capital Appreciation,https://www.etf.com/BFIX
339,Capital Appreciation,https://www.etf.com/MSMR
340,Capital Appreciation,https://www.etf.com/ERM
341,Capital Appreciation,https://www.etf.com/RRH
342,Capital Appreciation,https://www.etf.com/IWIN
343,Capital Appreciation,https://www.etf.com/EUCG
344,Capital Appreciation,https://www.etf.com/BITS
345,Capital Appreciation,https://www.etf.com/FOMO
346,Capital Appreciation,https://www.etf.com/WLTG
347,Capital Appreciation,https://www.etf.com/GLDB
348,Capital Appreciation,https://www.etf.com/DEFN
349,Capital Appreciation,https://www.etf.com/DWAT
350,Capital Appreciation,https://www.etf.com/QSWN
351,Capital Appreciation,https://www.etf.com/WLTH
352,Capital Appreciation,https://www.etf.com/IRBA
353,Capital Appreciation,https://www.etf.com/GDE
354,Capital Appreciation,https://www.etf.com/FATT
355,Capital Appreciation,https://www.etf.com/TEGS
356,Capital Markets,https://www.etf.com/IAI
357,Capital Markets,https://www.etf.com/KCE
358,Carbon Credits,https://www.etf.com/KRBN
359,Carbon Credits,https://www.etf.com/KEUA
360,Carbon Credits,https://www.etf.com/GRN
361,Carbon Credits,https://www.etf.com/KCCA
362,Casinos & Gaming,https://www.etf.com/BETZ
363,Casinos & Gaming,https://www.etf.com/BJK
364,Casinos & Gaming,https://www.etf.com/IBET
365,Communications Equipment,https://www.etf.com/IGN
366,Conservative,https://www.etf.com/AOK
367,Conservative,https://www.etf.com/CLSC
368,Conservative,https://www.etf.com/VSPY
369,Conservative,https://www.etf.com/EAOK
370,Conservative,https://www.etf.com/SNUG
371,Conservative,https://www.etf.com/PSMC
372,Conservative,https://www.etf.com/SAVN
373,Construction & Engineering,https://www.etf.com/PKB
374,Construction & Engineering,https://www.etf.com/FLM
375,Consumer,https://www.etf.com/PAWZ
376,Consumer,https://www.etf.com/ECON
377,Consumer,https://www.etf.com/INCO
378,Consumer,https://www.etf.com/AGNG
379,Consumer,https://www.etf.com/KBUY
380,Consumer,https://www.etf.com/BFIT
381,Consumer,https://www.etf.com/HLGE
382,Consumer,https://www.etf.com/GBUY
383,Consumer,https://www.etf.com/VICE
384,Consumer,https://www.etf.com/BAD
385,Consumer,https://www.etf.com/HART
386,Consumer,https://www.etf.com/CCON
387,Consumer,https://www.etf.com/SUBS
388,Consumer,https://www.etf.com/LUXE
389,Consumer,https://www.etf.com/EDUT
390,Consumer,https://www.etf.com/ZGEN
391,Consumer,https://www.etf.com/LIV
392,Consumer,https://www.etf.com/OND
393,Copper Miners,https://www.etf.com/COPX
394,Cybersecurity,https://www.etf.com/CIBR
395,Cybersecurity,https://www.etf.com/HACK
396,Cybersecurity,https://www.etf.com/BUG
397,Cybersecurity,https://www.etf.com/IHAK
398,Cybersecurity,https://www.etf.com/WCBR
399,Cybersecurity,https://www.etf.com/VCLO
400,Cybersecurity,https://www.etf.com/UCYB
401,Derivative,https://www.etf.com/BITO
402,Derivative,https://www.etf.com/UUP
403,Derivative,https://www.etf.com/USDU
404,Derivative,https://www.etf.com/EUO
405,Derivative,https://www.etf.com/BTF
406,Derivative,https://www.etf.com/UDN
407,Derivative,https://www.etf.com/CYB
408,Derivative,https://www.etf.com/XBTF
409,Derivative,https://www.etf.com/YCS
410,Derivative,https://www.etf.com/CEW
411,Derivative,https://www.etf.com/ULE
412,Derivative,https://www.etf.com/EUFX
413,Derivative,https://www.etf.com/CROC
414,Derivative,https://www.etf.com/YCL
415,Digital Economy,https://www.etf.com/SOCL
416,Digital Economy,https://www.etf.com/EBIZ
417,Digital Economy,https://www.etf.com/BITQ
418,Digital Economy,https://www.etf.com/DAPP
419,Digital Economy,https://www.etf.com/CRPT
420,Digital Economy,https://www.etf.com/BUYZ
421,Digital Economy,https://www.etf.com/RIGZ
422,Digital Economy,https://www.etf.com/GFOF
423,Digital Economy,https://www.etf.com/GIGE
424,Digital Economy,https://www.etf.com/NFTZ
425,Digital Economy,https://www.etf.com/SATO
426,Digital Economy,https://www.etf.com/WGMI
427,Digital Economy,https://www.etf.com/BTCR
428,Digital Economy,https://www.etf.com/DAM
429,Digital Economy,https://www.etf.com/DGIN
430,Digital Economy,https://www.etf.com/BIDS
431,Digital Economy,https://www.etf.com/VBB
432,Digital Payments,https://www.etf.com/IPAY
433,Digital Payments,https://www.etf.com/TPAY
434,Diversified Metals & Mining,https://www.etf.com/REMX
435,Energy Equipment & Services,https://www.etf.com/OIH
436,Energy Equipment & Services,https://www.etf.com/XES
437,Energy Equipment & Services,https://www.etf.com/PXJ
438,Energy Equipment & Services,https://www.etf.com/ONG
439,Environment,https://www.etf.com/ERTH
440,Environment,https://www.etf.com/CTEC
441,Environment,https://www.etf.com/GSFP
442,Environment,https://www.etf.com/EVX
443,Environment,https://www.etf.com/GBLD
444,Environment,https://www.etf.com/OCEN
445,Extended Term,https://www.etf.com/BCI
446,Extended Term,https://www.etf.com/COMB
447,Extended Term,https://www.etf.com/KOLD
448,Extended Term,https://www.etf.com/BCD
449,Extended Term,https://www.etf.com/DJCB
450,Extended Term,https://www.etf.com/BOIL
451,Extended Term,https://www.etf.com/GBUG
452,Extended Term,https://www.etf.com/IAUF
453,FinTech,https://www.etf.com/ARKF
454,FinTech,https://www.etf.com/FINX
455,FinTech,https://www.etf.com/KOIN
456,FinTech,https://www.etf.com/FNTC
457,FinTech,https://www.etf.com/EMFQ
458,FinTech,https://www.etf.com/VFIN
459,Floating Rate,https://www.etf.com/SRLN
460,Floating Rate,https://www.etf.com/FLOT
461,Floating Rate,https://www.etf.com/BKLN
462,Floating Rate,https://www.etf.com/FTSL
463,Floating Rate,https://www.etf.com/FLRN
464,Floating Rate,https://www.etf.com/USFR
465,Floating Rate,https://www.etf.com/VRP
466,Floating Rate,https://www.etf.com/JAAA
467,Floating Rate,https://www.etf.com/FLTR
468,Floating Rate,https://www.etf.com/TFLO
469,Floating Rate,https://www.etf.com/VRIG
470,Floating Rate,https://www.etf.com/FLBL
471,Floating Rate,https://www.etf.com/PFFV
472,Floating Rate,https://www.etf.com/JBBB
473,Floating Rate,https://www.etf.com/FLRT
474,Floating Rate,https://www.etf.com/SEIX
475,Floating Rate,https://www.etf.com/PVI
476,Floating Rate,https://www.etf.com/SNLN
477,Floating Rate,https://www.etf.com/AAA
478,"Food, Beverage & Tobacco",https://www.etf.com/FTXG
479,Front Month,https://www.etf.com/GSG
480,Front Month,https://www.etf.com/DJP
481,Front Month,https://www.etf.com/AGQ
482,Front Month,https://www.etf.com/UNG
483,Front Month,https://www.etf.com/UGL
484,Front Month,https://www.etf.com/BNO
485,Front Month,https://www.etf.com/USOI
486,Front Month,https://www.etf.com/RJA
487,Front Month,https://www.etf.com/RJI
488,Front Month,https://www.etf.com/UGA
489,Front Month,https://www.etf.com/JJC
490,Front Month,https://www.etf.com/JJN
491,Front Month,https://www.etf.com/JO
492,Front Month,https://www.etf.com/JJG
493,Front Month,https://www.etf.com/GSP
494,Front Month,https://www.etf.com/BCIM
495,Front Month,https://www.etf.com/BAL
496,Front Month,https://www.etf.com/JJT
497,Front Month,https://www.etf.com/GLL
498,Front Month,https://www.etf.com/JJU
499,Front Month,https://www.etf.com/SGG
500,Front Month,https://www.etf.com/JJM
501,Front Month,https://www.etf.com/NIB
502,Front Month,https://www.etf.com/JJA
503,Front Month,https://www.etf.com/COW
504,Front Month,https://www.etf.com/GAZ
505,Front Month,https://www.etf.com/RJN
506,Front Month,https://www.etf.com/ZSL
507,Front Month,https://www.etf.com/JJS
508,Front Month,https://www.etf.com/RJZ
509,Front Month,https://www.etf.com/JJP
510,Front Month,https://www.etf.com/JJE
511,Front Month,https://www.etf.com/PGM
512,Front Month,https://www.etf.com/LD
513,Genomic Advancements,https://www.etf.com/ARKG
514,Genomic Advancements,https://www.etf.com/IDNA
515,Genomic Advancements,https://www.etf.com/GNOM
516,Genomic Advancements,https://www.etf.com/HELX
517,Genomic Advancements,https://www.etf.com/WDNA
518,Gold Miners,https://www.etf.com/GDX
519,Gold Miners,https://www.etf.com/GDXJ
520,Gold Miners,https://www.etf.com/NUGT
521,Gold Miners,https://www.etf.com/RING
522,Gold Miners,https://www.etf.com/JNUG
523,Gold Miners,https://www.etf.com/SGDM
524,Gold Miners,https://www.etf.com/SGDJ
525,Gold Miners,https://www.etf.com/GOAU
526,Gold Miners,https://www.etf.com/DUST
527,Gold Miners,https://www.etf.com/JDST
528,Gold Miners,https://www.etf.com/GDXU
529,Gold Miners,https://www.etf.com/GOEX
530,Gold Miners,https://www.etf.com/GDXD
531,Gold Miners,https://www.etf.com/JGLD
532,Growth,https://www.etf.com/VUG
533,Growth,https://www.etf.com/IWF
534,Growth,https://www.etf.com/IVW
535,Growth,https://www.etf.com/SCHG
536,Growth,https://www.etf.com/VBK
537,Growth,https://www.etf.com/SPYG
538,Growth,https://www.etf.com/IWP
539,Growth,https://www.etf.com/MGK
540,Growth,https://www.etf.com/IUSG
541,Growth,https://www.etf.com/VOT
542,Growth,https://www.etf.com/IWO
543,Growth,https://www.etf.com/EFG
544,Growth,https://www.etf.com/VOOG
545,Growth,https://www.etf.com/VONG
546,Growth,https://www.etf.com/IJK
547,Growth,https://www.etf.com/IJT
548,Growth,https://www.etf.com/IWY
549,Growth,https://www.etf.com/RPG
550,Growth,https://www.etf.com/SLYG
551,Growth,https://www.etf.com/ILCG
552,Growth,https://www.etf.com/MDYG
553,Growth,https://www.etf.com/IMCG
554,Growth,https://www.etf.com/FTC
555,Growth,https://www.etf.com/SPGP
556,Growth,https://www.etf.com/NULG
557,Growth,https://www.etf.com/IVOG
558,Growth,https://www.etf.com/PWB
559,Growth,https://www.etf.com/VTWG
560,Growth,https://www.etf.com/VIOG
561,Growth,https://www.etf.com/TMFG
562,Growth,https://www.etf.com/FBCG
563,Growth,https://www.etf.com/SFY
564,Growth,https://www.etf.com/NUMG
565,Growth,https://www.etf.com/ISCG
566,Growth,https://www.etf.com/FNY
567,Growth,https://www.etf.com/RFG
568,Growth,https://www.etf.com/TCHP
569,Growth,https://www.etf.com/TMFM
570,Growth,https://www.etf.com/FYC
571,Growth,https://www.etf.com/LRGE
572,Growth,https://www.etf.com/FAD
573,Growth,https://www.etf.com/CACG
574,Growth,https://www.etf.com/FBGX
575,Growth,https://www.etf.com/FDG
576,Growth,https://www.etf.com/JSMD
577,Growth,https://www.etf.com/RZG
578,Growth,https://www.etf.com/JSML
579,Growth,https://www.etf.com/TMFS
580,Growth,https://www.etf.com/MMLG
581,Growth,https://www.etf.com/HFGO
582,Growth,https://www.etf.com/GLIN
583,Growth,https://www.etf.com/JIG
584,Growth,https://www.etf.com/LCG
585,Growth,https://www.etf.com/FGRO
586,Growth,https://www.etf.com/SFYX
587,Growth,https://www.etf.com/TGRW
588,Growth,https://www.etf.com/FFSG
589,Growth,https://www.etf.com/FRTY
590,Growth,https://www.etf.com/IWFL
591,Growth,https://www.etf.com/MID
592,Growth,https://www.etf.com/GLCN
593,Growth,https://www.etf.com/PLAT
594,Growth,https://www.etf.com/WINN
595,Growth,https://www.etf.com/RWGV
596,Growth,https://www.etf.com/BFTR
597,Growth,https://www.etf.com/ATFV
598,Growth,https://www.etf.com/BUL
599,Growth,https://www.etf.com/PGRO
600,Growth,https://www.etf.com/HIPR
601,Growth,https://www.etf.com/CBTG
602,Growth,https://www.etf.com/ESGY
603,Growth,https://www.etf.com/MSTQ
604,Growth,https://www.etf.com/NWLG
605,Growth,https://www.etf.com/STLG
606,Growth,https://www.etf.com/WGRO
607,Growth,https://www.etf.com/GGRW
608,Growth,https://www.etf.com/TAAG
609,Growth,https://www.etf.com/MMSC
610,Growth,https://www.etf.com/IVSG
611,Growth,https://www.etf.com/IVDG
612,Growth,https://www.etf.com/AILG
613,Health Care Equipment,https://www.etf.com/IHI
614,Health Care Equipment,https://www.etf.com/MDEV
615,Health Care Equipment & Services,https://www.etf.com/EDOC
616,Health Care Equipment & Services,https://www.etf.com/IEHS
617,Health Care Equipment & Services,https://www.etf.com/FDHT
618,Health Care Equipment & Services,https://www.etf.com/EKG
619,Health Care Equipment & Supplies,https://www.etf.com/XHE
620,Health Care Providers & Services,https://www.etf.com/XHS
621,Health Care Technology,https://www.etf.com/HTEC
622,Health Care Technology,https://www.etf.com/GDOC
623,"Hotels, Resorts & Cruise Lines",https://www.etf.com/CRUZ
624,"Hotels, Resorts & Cruise Lines",https://www.etf.com/TRYP
625,"Hotels, Resorts & Cruise Lines",https://www.etf.com/BEDZ
626,"Hotels, Resorts & Cruise Lines",https://www.etf.com/JRNY
627,"Hotels, Resorts & Cruise Lines",https://www.etf.com/OOTO
628,"Hotels, Resorts & Cruise Lines",https://www.etf.com/HOTL
629,"Hotels, Restaurants & Leisure",https://www.etf.com/PEJ
630,Housing,https://www.etf.com/ITB
631,Housing,https://www.etf.com/XHB
632,Housing,https://www.etf.com/NAIL
633,Housing,https://www.etf.com/HOMZ
634,Housing,https://www.etf.com/RESI
635,In Specie,https://www.etf.com/FXF
636,In Specie,https://www.etf.com/FXE
637,In Specie,https://www.etf.com/FXY
638,In Specie,https://www.etf.com/FXC
639,In Specie,https://www.etf.com/FXB
640,In Specie,https://www.etf.com/FXA
641,Income,https://www.etf.com/HNDL
642,Income,https://www.etf.com/PCEF
643,Income,https://www.etf.com/MDIV
644,Income,https://www.etf.com/YYY
645,Income,https://www.etf.com/YLD
646,Income,https://www.etf.com/IYLD
647,Income,https://www.etf.com/CVY
648,Income,https://www.etf.com/INKM
649,Income,https://www.etf.com/CEFS
650,Income,https://www.etf.com/HIPS
651,Income,https://www.etf.com/CYA
652,Income,https://www.etf.com/AHHX
653,Income,https://www.etf.com/QDPL
654,Income,https://www.etf.com/WBII
655,Income,https://www.etf.com/GYLD
656,Income,https://www.etf.com/THY
657,Income,https://www.etf.com/FCEF
658,Income,https://www.etf.com/MAMB
659,Income,https://www.etf.com/IDIV
660,Income,https://www.etf.com/VPC
661,Income,https://www.etf.com/CEFD
662,Income,https://www.etf.com/TWIO
663,Income,https://www.etf.com/RULE
664,Income,https://www.etf.com/MFUL
665,Income,https://www.etf.com/HYIN
666,Income,https://www.etf.com/FIVR
667,Income,https://www.etf.com/TRPL
668,Income,https://www.etf.com/HOM
669,Income,https://www.etf.com/CHLD
670,Income,https://www.etf.com/SUNY
671,Income & Capital Appreciation,https://www.etf.com/DRSK
672,Income & Capital Appreciation,https://www.etf.com/TAIL
673,Income & Capital Appreciation,https://www.etf.com/GDMA
674,Income & Capital Appreciation,https://www.etf.com/AMAX
675,Income & Capital Appreciation,https://www.etf.com/MRSK
676,Income & Capital Appreciation,https://www.etf.com/WBIT
677,Income & Capital Appreciation,https://www.etf.com/RHTX
678,Income & Capital Appreciation,https://www.etf.com/LCR
679,Income & Capital Appreciation,https://www.etf.com/OPPX
680,Income & Capital Appreciation,https://www.etf.com/RORO
681,Income & Capital Appreciation,https://www.etf.com/GDMN
682,Income & Capital Appreciation,https://www.etf.com/FAIL
683,Industrial REITs,https://www.etf.com/INDS
684,Inflation,https://www.etf.com/RLY
685,Inflation,https://www.etf.com/PFIX
686,Inflation,https://www.etf.com/RAAX
687,Inflation,https://www.etf.com/PPI
688,Inflation,https://www.etf.com/RINF
689,Inflation,https://www.etf.com/CPI
690,Infrastructure,https://www.etf.com/PAVE
691,Infrastructure,https://www.etf.com/IGF
692,Infrastructure,https://www.etf.com/NFRA
693,Infrastructure,https://www.etf.com/IFRA
694,Infrastructure,https://www.etf.com/GRID
695,Infrastructure,https://www.etf.com/GII
696,Infrastructure,https://www.etf.com/TOLZ
697,Infrastructure,https://www.etf.com/SIMS
698,Infrastructure,https://www.etf.com/EMIF
699,Infrastructure,https://www.etf.com/OBOR
700,Infrastructure,https://www.etf.com/DOZR
701,Infrastructure,https://www.etf.com/GLIF
702,Insurance,https://www.etf.com/KIE
703,Insurance,https://www.etf.com/IAK
704,Intermediate,https://www.etf.com/VCIT
705,Intermediate,https://www.etf.com/IEF
706,Intermediate,https://www.etf.com/BIV
707,Intermediate,https://www.etf.com/IGIB
708,Intermediate,https://www.etf.com/IEI
709,Intermediate,https://www.etf.com/VGIT
710,Intermediate,https://www.etf.com/SPIB
711,Intermediate,https://www.etf.com/SPTI
712,Intermediate,https://www.etf.com/SCHR
713,Intermediate,https://www.etf.com/GVI
714,Intermediate,https://www.etf.com/TDTT
715,Intermediate,https://www.etf.com/ITM
716,Intermediate,https://www.etf.com/IBDO
717,Intermediate,https://www.etf.com/IBDP
718,Intermediate,https://www.etf.com/TIPX
719,Intermediate,https://www.etf.com/IBDQ
720,Intermediate,https://www.etf.com/UITB
721,Intermediate,https://www.etf.com/BSCP
722,Intermediate,https://www.etf.com/IBDR
723,Intermediate,https://www.etf.com/PHB
724,Intermediate,https://www.etf.com/TDTF
725,Intermediate,https://www.etf.com/BSCQ
726,Intermediate,https://www.etf.com/MUNI
727,Intermediate,https://www.etf.com/IBDS
728,Intermediate,https://www.etf.com/SHYD
729,Intermediate,https://www.etf.com/GBF
730,Intermediate,https://www.etf.com/BSCR
731,Intermediate,https://www.etf.com/VBND
732,Intermediate,https://www.etf.com/SCHI
733,Intermediate,https://www.etf.com/BSJP
734,Intermediate,https://www.etf.com/IBDT
735,Intermediate,https://www.etf.com/SKOR
736,Intermediate,https://www.etf.com/MMIT
737,Intermediate,https://www.etf.com/BSCS
738,Intermediate,https://www.etf.com/IBD
739,Intermediate,https://www.etf.com/UBND
740,Intermediate,https://www.etf.com/IBMN
741,Intermediate,https://www.etf.com/BSJQ
742,Intermediate,https://www.etf.com/TBX
743,Intermediate,https://www.etf.com/IBDU
744,Intermediate,https://www.etf.com/IBMO
745,Intermediate,https://www.etf.com/KORP
746,Intermediate,https://www.etf.com/IBDV
747,Intermediate,https://www.etf.com/BSCT
748,Intermediate,https://www.etf.com/JPIE
749,Intermediate,https://www.etf.com/PIFI
750,Intermediate,https://www.etf.com/PST
751,Intermediate,https://www.etf.com/DFNM
752,Intermediate,https://www.etf.com/JMUB
753,Intermediate,https://www.etf.com/IMTB
754,Intermediate,https://www.etf.com/IIGD
755,Intermediate,https://www.etf.com/IBMP
756,Intermediate,https://www.etf.com/BSCU
757,Intermediate,https://www.etf.com/IBMQ
758,Intermediate,https://www.etf.com/FFIU
759,Intermediate,https://www.etf.com/FLMI
760,Intermediate,https://www.etf.com/IBTF
761,Intermediate,https://www.etf.com/BTC
762,Intermediate,https://www.etf.com/IBHD
763,Intermediate,https://www.etf.com/IBTG
764,Intermediate,https://www.etf.com/BSMP
765,Intermediate,https://www.etf.com/IBTK
766,Intermediate,https://www.etf.com/MMCA
767,Intermediate,https://www.etf.com/BSJR
768,Intermediate,https://www.etf.com/IBHE
769,Intermediate,https://www.etf.com/TYO
770,Intermediate,https://www.etf.com/IIGV
771,Intermediate,https://www.etf.com/MBND
772,Intermediate,https://www.etf.com/AHYB
773,Intermediate,https://www.etf.com/IBDW
774,Intermediate,https://www.etf.com/IBTH
775,Intermediate,https://www.etf.com/BSMQ
776,Intermediate,https://www.etf.com/INMU
777,Intermediate,https://www.etf.com/BSCV
778,Intermediate,https://www.etf.com/TYD
779,Intermediate,https://www.etf.com/BSMS
780,Intermediate,https://www.etf.com/IBHF
781,Intermediate,https://www.etf.com/BSMR
782,Intermediate,https://www.etf.com/BSJS
783,Intermediate,https://www.etf.com/IBTI
784,Intermediate,https://www.etf.com/BSMT
785,Intermediate,https://www.etf.com/IBTJ
786,Intermediate,https://www.etf.com/IBHG
787,Intermediate,https://www.etf.com/UST
788,Intermediate,https://www.etf.com/BSMU
789,Intermediate,https://www.etf.com/BSJT
790,Intermediate,https://www.etf.com/IBHH
791,Intermediate,https://www.etf.com/IBHI
792,Intermediate,https://www.etf.com/BSMV
793,Intermediate,https://www.etf.com/IBTL
794,Internet,https://www.etf.com/FDN
795,Internet,https://www.etf.com/KWEB
796,Internet,https://www.etf.com/ARKW
797,Internet,https://www.etf.com/METV
798,Internet,https://www.etf.com/EMQQ
799,Internet,https://www.etf.com/PNQI
800,Internet,https://www.etf.com/SNSR
801,Internet,https://www.etf.com/CWEB
802,Internet,https://www.etf.com/OGIG
803,Internet,https://www.etf.com/WEBL
804,Internet,https://www.etf.com/FDNI
805,Internet,https://www.etf.com/XWEB
806,Internet,https://www.etf.com/WEBS
807,Internet,https://www.etf.com/FMQQ
808,Internet,https://www.etf.com/MTVR
809,Internet,https://www.etf.com/VERS
810,Internet,https://www.etf.com/EWEB
811,Internet,https://www.etf.com/PUNK
812,Internet & Direct Marketing Retail,https://www.etf.com/ONLN
813,Internet & Direct Marketing Retail,https://www.etf.com/IBUY
814,Internet & Direct Marketing Retail,https://www.etf.com/AWAY
815,Internet & Direct Marketing Retail,https://www.etf.com/CLIX
816,Internet & Direct Marketing Retail,https://www.etf.com/AWYX
817,Internet Services & Infrastructure,https://www.etf.com/IVES
818,Internet Services & Infrastructure,https://www.etf.com/IDAT
819,Internet Services & Infrastructure,https://www.etf.com/BYTE
820,Laddered,https://www.etf.com/USO
821,Laddered,https://www.etf.com/UCO
822,Laddered,https://www.etf.com/WEAT
823,Laddered,https://www.etf.com/SCO
824,Laddered,https://www.etf.com/CORN
825,Laddered,https://www.etf.com/USL
826,Laddered,https://www.etf.com/OILK
827,Laddered,https://www.etf.com/UCIB
828,Laddered,https://www.etf.com/SOYB
829,Laddered,https://www.etf.com/BDRY
830,Laddered,https://www.etf.com/TAGS
831,Laddered,https://www.etf.com/CANE
832,Laddered,https://www.etf.com/UNL
833,Laddered,https://www.etf.com/GRU
834,Laddered,https://www.etf.com/SBUG
835,Laddered,https://www.etf.com/FUE
836,Life Sciences Tools & Services,https://www.etf.com/GERM
837,Life Sciences Tools & Services,https://www.etf.com/BBC
838,Long-Term,https://www.etf.com/SPTL
839,Long-Term,https://www.etf.com/BLV
840,Long-Term,https://www.etf.com/VCLT
841,Long-Term,https://www.etf.com/TFI
842,Long-Term,https://www.etf.com/VGLT
843,Long-Term,https://www.etf.com/TLH
844,Long-Term,https://www.etf.com/IGLB
845,Long-Term,https://www.etf.com/EDV
846,Long-Term,https://www.etf.com/TBT
847,Long-Term,https://www.etf.com/SPLB
848,Long-Term,https://www.etf.com/TBF
849,Long-Term,https://www.etf.com/LTPZ
850,Long-Term,https://www.etf.com/PWZ
851,Long-Term,https://www.etf.com/IGBH
852,Long-Term,https://www.etf.com/TMV
853,Long-Term,https://www.etf.com/ZROZ
854,Long-Term,https://www.etf.com/TMF
855,Long-Term,https://www.etf.com/GOVZ
856,Long-Term,https://www.etf.com/ILTB
857,Long-Term,https://www.etf.com/TTT
858,Long-Term,https://www.etf.com/MLN
859,Long-Term,https://www.etf.com/RVNU
860,Long-Term,https://www.etf.com/DFIP
861,Long-Term,https://www.etf.com/FLMB
862,Long-Term,https://www.etf.com/SCHQ
863,Long-Term,https://www.etf.com/LKOR
864,Long-Term,https://www.etf.com/UBT
865,Long-Term,https://www.etf.com/TYA
866,Long-Term,https://www.etf.com/LGOV
867,Long-Term,https://www.etf.com/TBJL
868,Long-Term,https://www.etf.com/TFJL
869,Long/Short Broad-based,https://www.etf.com/WTMF
870,Long/Short Broad-based,https://www.etf.com/DBMF
871,Long/Short Broad-based,https://www.etf.com/FMF
872,Long/Short Broad-based,https://www.etf.com/KMLM
873,Long/Short Broad-based,https://www.etf.com/CLSE
874,Long/Short Broad-based,https://www.etf.com/QLS
875,Long/Short Broad-based,https://www.etf.com/QMN
876,Long/Short Broad-based,https://www.etf.com/QED
877,Long/Short Broad-based,https://www.etf.com/FUT
878,Long/Short Broad-based,https://www.etf.com/CTA
879,Long/Short Broad-based,https://www.etf.com/EVNT
880,Long/Short Commodities,https://www.etf.com/FAAR
881,Long/Short Commodities,https://www.etf.com/FAAR
882,Long/Short Currency,https://www.etf.com/DBV
883,Long/Short Equity,https://www.etf.com/FTLS
884,Long/Short Equity,https://www.etf.com/CCOR
885,Long/Short Equity,https://www.etf.com/BTAL
886,Long/Short Equity,https://www.etf.com/EOPS
887,Long/Short Equity,https://www.etf.com/MSVX
888,Long/Short Equity,https://www.etf.com/LBAY
889,Long/Short Equity,https://www.etf.com/ASPY
890,Long/Short Equity,https://www.etf.com/DBEH
891,Long/Short Equity,https://www.etf.com/CBLS
892,Long/Short Equity,https://www.etf.com/RALS
893,Long/Short Equity,https://www.etf.com/DIVA
894,Long/Short Equity,https://www.etf.com/TRDF
895,Low Carbon,https://www.etf.com/LCTU
896,Low Carbon,https://www.etf.com/CRBN
897,Low Carbon,https://www.etf.com/EMCR
898,Low Carbon,https://www.etf.com/PABU
899,Low Carbon,https://www.etf.com/LCTD
900,Low Carbon,https://www.etf.com/SMOG
901,Low Carbon,https://www.etf.com/LOWC
902,Low Carbon,https://www.etf.com/NETZ
903,Low Carbon,https://www.etf.com/JZRO
904,Low Carbon,https://www.etf.com/JCTR
905,Low Carbon,https://www.etf.com/TEMP
906,Low Carbon,https://www.etf.com/ECLN
907,Low Carbon,https://www.etf.com/GPAL
908,Low Carbon,https://www.etf.com/BECO
909,Low Carbon,https://www.etf.com/NTZO
910,Low Carbon,https://www.etf.com/KGHG
911,Low Carbon,https://www.etf.com/BSEA
912,Low Carbon,https://www.etf.com/CLMA
913,Low Carbon,https://www.etf.com/NZRO
914,MLPs,https://www.etf.com/AMLP
915,MLPs,https://www.etf.com/AMJ
916,MLPs,https://www.etf.com/EMLP
917,MLPs,https://www.etf.com/MLPA
918,MLPs,https://www.etf.com/MLPX
919,MLPs,https://www.etf.com/TPYP
920,MLPs,https://www.etf.com/AMZA
921,MLPs,https://www.etf.com/MLPB
922,MLPs,https://www.etf.com/ATMP
923,MLPs,https://www.etf.com/UMI
924,MLPs,https://www.etf.com/ENFR
925,MLPs,https://www.etf.com/AMUB
926,MLPs,https://www.etf.com/AMNA
927,MLPs,https://www.etf.com/AMTR
928,MLPs,https://www.etf.com/AMND
929,MLPs,https://www.etf.com/MLPR
930,MLPs,https://www.etf.com/MLPO
931,MLPs,https://www.etf.com/PYPE
932,MLPs,https://www.etf.com/IMLP
933,Media & Entertainment,https://www.etf.com/PBS
934,Media & Entertainment,https://www.etf.com/IEME
935,Media & Entertainment,https://www.etf.com/SUBZ
936,Media & Entertainment,https://www.etf.com/MRAD
937,Media & Entertainment,https://www.etf.com/VPOP
938,Merger Arbitrage,https://www.etf.com/MNA
939,Merger Arbitrage,https://www.etf.com/ARB
940,Merger Arbitrage,https://www.etf.com/MRGR
941,Merger Arbitrage,https://www.etf.com/MARB
942,Metals & Mining,https://www.etf.com/XME
943,Metals & Mining,https://www.etf.com/PICK
944,Metals & Mining,https://www.etf.com/GMET
945,Metals & Mining,https://www.etf.com/MNM
946,Millennials,https://www.etf.com/MILN
947,Millennials,https://www.etf.com/GENY
948,Mobility,https://www.etf.com/LIT
949,Mobility,https://www.etf.com/DRIV
950,Mobility,https://www.etf.com/IDRV
951,Mobility,https://www.etf.com/KARS
952,Mobility,https://www.etf.com/BATT
953,Mobility,https://www.etf.com/HAIL
954,Mobility,https://www.etf.com/CARZ
955,Mobility,https://www.etf.com/HDRO
956,Mobility,https://www.etf.com/FDRV
957,Mobility,https://www.etf.com/HJEN
958,Mobility,https://www.etf.com/HYDR
959,Mobility,https://www.etf.com/MOTO
960,Mobility,https://www.etf.com/EKAR
961,Mobility,https://www.etf.com/VCAR
962,Mobility,https://www.etf.com/CLNR
963,Mobility,https://www.etf.com/WBAT
964,Moderate,https://www.etf.com/AOR
965,Moderate,https://www.etf.com/AOM
966,Moderate,https://www.etf.com/CLSM
967,Moderate,https://www.etf.com/PSMB
968,Moderately Aggressive,https://www.etf.com/NTSX
969,Moderately Aggressive,https://www.etf.com/OCIO
970,Moderately Aggressive,https://www.etf.com/NTSI
971,Moderately Aggressive,https://www.etf.com/NTSE
972,Moderately Aggressive,https://www.etf.com/PSMG
973,Moderately Aggressive,https://www.etf.com/EAOR
974,Moderately Aggressive,https://www.etf.com/QPT
975,Moderately Conservative,https://www.etf.com/PSMM
976,Moderately Conservative,https://www.etf.com/EAOM
977,Moderately Conservative,https://www.etf.com/GHTA
978,Mortgage REITs,https://www.etf.com/REM
979,Mortgage REITs,https://www.etf.com/MORT
980,Mortgage REITs,https://www.etf.com/MVRL
981,Natural Resources,https://www.etf.com/GUNR
982,Natural Resources,https://www.etf.com/GNR
983,Natural Resources,https://www.etf.com/IGE
984,Natural Resources,https://www.etf.com/NANR
985,Natural Resources,https://www.etf.com/HAP
986,Natural Resources,https://www.etf.com/FTRI
987,Natural Resources,https://www.etf.com/GRES
988,Nuclear Energy,https://www.etf.com/URA
989,Nuclear Energy,https://www.etf.com/URNM
990,Nuclear Energy,https://www.etf.com/NLR
991,Oil & Gas Equipment & Services,https://www.etf.com/IEZ
992,Oil & Gas Exploration & Production,https://www.etf.com/GUSH
993,Oil & Gas Exploration & Production,https://www.etf.com/IEO
994,Oil & Gas Refining & Marketing,https://www.etf.com/CRAK
995,"Oil, Gas & Consumable Fuels",https://www.etf.com/XOP
996,"Oil, Gas & Consumable Fuels",https://www.etf.com/NRGU
997,"Oil, Gas & Consumable Fuels",https://www.etf.com/FCG
998,"Oil, Gas & Consumable Fuels",https://www.etf.com/PXE
999,"Oil, Gas & Consumable Fuels",https://www.etf.com/DIG
1000,"Oil, Gas & Consumable Fuels",https://www.etf.com/FILL
1001,"Oil, Gas & Consumable Fuels",https://www.etf.com/DRIP
1002,"Oil, Gas & Consumable Fuels",https://www.etf.com/OILU
1003,"Oil, Gas & Consumable Fuels",https://www.etf.com/NRGD
1004,"Oil, Gas & Consumable Fuels",https://www.etf.com/DUG
1005,"Oil, Gas & Consumable Fuels",https://www.etf.com/DDG
1006,"Oil, Gas & Consumable Fuels",https://www.etf.com/OILD
1007,Optimized,https://www.etf.com/PDBC
1008,Optimized,https://www.etf.com/DBC
1009,Optimized,https://www.etf.com/COMT
1010,Optimized,https://www.etf.com/DBA
1011,Optimized,https://www.etf.com/DBB
1012,Optimized,https://www.etf.com/DBO
1013,Optimized,https://www.etf.com/COM
1014,Optimized,https://www.etf.com/CMDY
1015,Optimized,https://www.etf.com/USCI
1016,Optimized,https://www.etf.com/GCC
1017,Optimized,https://www.etf.com/CPER
1018,Optimized,https://www.etf.com/DBE
1019,Optimized,https://www.etf.com/OIL
1020,Optimized,https://www.etf.com/GSCE
1021,Optimized,https://www.etf.com/DBP
1022,Optimized,https://www.etf.com/DGP
1023,Optimized,https://www.etf.com/DGL
1024,Optimized,https://www.etf.com/BCM
1025,Optimized,https://www.etf.com/CCRV
1026,Optimized,https://www.etf.com/PBUG
1027,Optimized,https://www.etf.com/DBS
1028,Optimized,https://www.etf.com/SDCI
1029,Optimized,https://www.etf.com/DZZ
1030,Optimized,https://www.etf.com/DGZ
1031,"Pharma, Biotech & Life Sciences",https://www.etf.com/BIB
1032,"Pharma, Biotech & Life Sciences",https://www.etf.com/CNCR
1033,"Pharma, Biotech & Life Sciences",https://www.etf.com/IBBQ
1034,"Pharma, Biotech & Life Sciences",https://www.etf.com/BIS
1035,"Pharma, Biotech & Life Sciences",https://www.etf.com/PSY
1036,"Pharma, Biotech & Life Sciences",https://www.etf.com/PSIL
1037,"Pharma, Biotech & Life Sciences",https://www.etf.com/CHNA
1038,"Pharma, Biotech & Life Sciences",https://www.etf.com/MSGR
1039,"Pharma, Biotech & Life Sciences",https://www.etf.com/XDNA
1040,"Pharma, Biotech & Life Sciences",https://www.etf.com/PSYK
1041,Pharmaceuticals,https://www.etf.com/IHE
1042,Pharmaceuticals,https://www.etf.com/PPH
1043,Pharmaceuticals,https://www.etf.com/PJP
1044,Pharmaceuticals,https://www.etf.com/XPH
1045,Pharmaceuticals,https://www.etf.com/PILL
1046,Pharmaceuticals,https://www.etf.com/FTXH
1047,Physically Held,https://www.etf.com/GLD
1048,Physically Held,https://www.etf.com/IAU
1049,Physically Held,https://www.etf.com/SLV
1050,Physically Held,https://www.etf.com/GLDM
1051,Physically Held,https://www.etf.com/SGOL
1052,Physically Held,https://www.etf.com/IAUM
1053,Physically Held,https://www.etf.com/SIVR
1054,Physically Held,https://www.etf.com/PPLT
1055,Physically Held,https://www.etf.com/GLTR
1056,Physically Held,https://www.etf.com/BAR
1057,Physically Held,https://www.etf.com/AAAU
1058,Physically Held,https://www.etf.com/OUNZ
1059,Physically Held,https://www.etf.com/PALL
1060,Physically Held,https://www.etf.com/SLVO
1061,Physically Held,https://www.etf.com/GLDI
1062,Physically Held,https://www.etf.com/PLTM
1063,Physically Held,https://www.etf.com/IGLD
1064,Physically Held,https://www.etf.com/BGLD
1065,Physically Held,https://www.etf.com/WGLD
1066,Property & Casualty Insurance,https://www.etf.com/KBWP
1067,REITs,https://www.etf.com/SCHH
1068,REITs,https://www.etf.com/REET
1069,REITs,https://www.etf.com/ICF
1070,REITs,https://www.etf.com/USRT
1071,REITs,https://www.etf.com/RWR
1072,REITs,https://www.etf.com/BBRE
1073,REITs,https://www.etf.com/SRET
1074,REITs,https://www.etf.com/KBWY
1075,REITs,https://www.etf.com/FRI
1076,REITs,https://www.etf.com/NURE
1077,REITs,https://www.etf.com/SPRE
1078,REITs,https://www.etf.com/RDOG
1079,REITs,https://www.etf.com/RITA
1080,REITs,https://www.etf.com/HAUS
1081,Regional Banks,https://www.etf.com/KRE
1082,Regional Banks,https://www.etf.com/IAT
1083,Regional Banks,https://www.etf.com/DPST
1084,Regional Banks,https://www.etf.com/QABA
1085,Regional Banks,https://www.etf.com/KBWR
1086,Remote Work,https://www.etf.com/WFH
1087,Remote Work,https://www.etf.com/IWFH
1088,Renewable Energy,https://www.etf.com/ICLN
1089,Renewable Energy,https://www.etf.com/TAN
1090,Renewable Energy,https://www.etf.com/QCLN
1091,Renewable Energy,https://www.etf.com/PBW
1092,Renewable Energy,https://www.etf.com/ACES
1093,Renewable Energy,https://www.etf.com/FAN
1094,Renewable Energy,https://www.etf.com/CNRG
1095,Renewable Energy,https://www.etf.com/PBD
1096,Renewable Energy,https://www.etf.com/RNRG
1097,Renewable Energy,https://www.etf.com/FRNW
1098,Renewable Energy,https://www.etf.com/RAYS
1099,Renewable Energy,https://www.etf.com/GCLN
1100,Renewable Energy,https://www.etf.com/KLNE
1101,Renewable Energy,https://www.etf.com/SULR
1102,Renewable Energy,https://www.etf.com/SOLR
1103,Renewable Energy,https://www.etf.com/WNDY
1104,Renewable Energy,https://www.etf.com/CTEX
1105,Renewable Energy,https://www.etf.com/VCLN
1106,Renewable Energy,https://www.etf.com/SHFT
1107,Restaurants,https://www.etf.com/EATZ
1108,Robotics & AI,https://www.etf.com/BOTZ
1109,Robotics & AI,https://www.etf.com/ARKQ
1110,Robotics & AI,https://www.etf.com/ROBO
1111,Robotics & AI,https://www.etf.com/IRBO
1112,Robotics & AI,https://www.etf.com/PRNT
1113,Robotics & AI,https://www.etf.com/ROBT
1114,Robotics & AI,https://www.etf.com/AIQ
1115,Robotics & AI,https://www.etf.com/THNQ
1116,Robotics & AI,https://www.etf.com/LRNZ
1117,Robotics & AI,https://www.etf.com/UBOT
1118,Robotics & AI,https://www.etf.com/IQM
1119,Robotics & AI,https://www.etf.com/GAST
1120,Robotics & AI,https://www.etf.com/WTAI
1121,S&P 500 Mid-Term,https://www.etf.com/VIXM
1122,S&P 500 Mid-Term,https://www.etf.com/VXZ
1123,S&P 500 Short-Term,https://www.etf.com/UVXY
1124,S&P 500 Short-Term,https://www.etf.com/VXX
1125,S&P 500 Short-Term,https://www.etf.com/SVXY
1126,S&P 500 Short-Term,https://www.etf.com/VIXY
1127,S&P 500 Short-Term,https://www.etf.com/SVOL
1128,S&P 500 Short-Term,https://www.etf.com/WEIX
1129,Semiconductors,https://www.etf.com/SOXX
1130,Semiconductors,https://www.etf.com/SMH
1131,Semiconductors,https://www.etf.com/SOXL
1132,Semiconductors,https://www.etf.com/XSD
1133,Semiconductors,https://www.etf.com/PSI
1134,Semiconductors,https://www.etf.com/USD
1135,Semiconductors,https://www.etf.com/SOXS
1136,Semiconductors,https://www.etf.com/FTXL
1137,Semiconductors,https://www.etf.com/SOXQ
1138,Semiconductors,https://www.etf.com/SSG
1139,Short-Term,https://www.etf.com/VCSH
1140,Short-Term,https://www.etf.com/BSV
1141,Short-Term,https://www.etf.com/SHY
1142,Short-Term,https://www.etf.com/IGSB
1143,Short-Term,https://www.etf.com/VTIP
1144,Short-Term,https://www.etf.com/VGSH
1145,Short-Term,https://www.etf.com/MINT
1146,Short-Term,https://www.etf.com/STIP
1147,Short-Term,https://www.etf.com/SCHO
1148,Short-Term,https://www.etf.com/SUB
1149,Short-Term,https://www.etf.com/SPSB
1150,Short-Term,https://www.etf.com/ISTB
1151,Short-Term,https://www.etf.com/LMBS
1152,Short-Term,https://www.etf.com/SHYG
1153,Short-Term,https://www.etf.com/SHM
1154,Short-Term,https://www.etf.com/NEAR
1155,Short-Term,https://www.etf.com/FTSM
1156,Short-Term,https://www.etf.com/SPTS
1157,Short-Term,https://www.etf.com/SJNK
1158,Short-Term,https://www.etf.com/JMST
1159,Short-Term,https://www.etf.com/VNLA
1160,Short-Term,https://www.etf.com/PULS
1161,Short-Term,https://www.etf.com/BSCN
1162,Short-Term,https://www.etf.com/SLQD
1163,Short-Term,https://www.etf.com/BSCO
1164,Short-Term,https://www.etf.com/IBDN
1165,Short-Term,https://www.etf.com/HYS
1166,Short-Term,https://www.etf.com/STPZ
1167,Short-Term,https://www.etf.com/LDUR
1168,Short-Term,https://www.etf.com/SUSB
1169,Short-Term,https://www.etf.com/DFSD
1170,Short-Term,https://www.etf.com/BSJN
1171,Short-Term,https://www.etf.com/RAVI
1172,Short-Term,https://www.etf.com/SMMU
1173,Short-Term,https://www.etf.com/BSJO
1174,Short-Term,https://www.etf.com/SCHJ
1175,Short-Term,https://www.etf.com/USTB
1176,Short-Term,https://www.etf.com/FTSD
1177,Short-Term,https://www.etf.com/IBML
1178,Short-Term,https://www.etf.com/SMB
1179,Short-Term,https://www.etf.com/AGZD
1180,Short-Term,https://www.etf.com/MEAR
1181,Short-Term,https://www.etf.com/LDSF
1182,Short-Term,https://www.etf.com/IBMM
1183,Short-Term,https://www.etf.com/FLTB
1184,Short-Term,https://www.etf.com/FSMB
1185,Short-Term,https://www.etf.com/PGHY
1186,Short-Term,https://www.etf.com/JSCP
1187,Short-Term,https://www.etf.com/BWZ
1188,Short-Term,https://www.etf.com/EMNT
1189,Short-Term,https://www.etf.com/PFLD
1190,Short-Term,https://www.etf.com/STOT
1191,Short-Term,https://www.etf.com/SHAG
1192,Short-Term,https://www.etf.com/IBHC
1193,Short-Term,https://www.etf.com/MINC
1194,Short-Term,https://www.etf.com/IBTE
1195,Short-Term,https://www.etf.com/HSRT
1196,Short-Term,https://www.etf.com/SHYL
1197,Short-Term,https://www.etf.com/PBTP
1198,Short-Term,https://www.etf.com/IBHB
1199,Short-Term,https://www.etf.com/AVSF
1200,Short-Term,https://www.etf.com/ISHG
1201,Short-Term,https://www.etf.com/IBDD
1202,Short-Term,https://www.etf.com/OVT
1203,Short-Term,https://www.etf.com/BKSB
1204,Short-Term,https://www.etf.com/IBTD
1205,Short-Term,https://www.etf.com/ARCM
1206,Short-Term,https://www.etf.com/BSMO
1207,Short-Term,https://www.etf.com/BSMN
1208,Short-Term,https://www.etf.com/LSST
1209,Short-Term,https://www.etf.com/BSDE
1210,Short-Term,https://www.etf.com/SFIG
1211,Short-Term,https://www.etf.com/NUSA
1212,Short-Term,https://www.etf.com/HOLD
1213,Short-Term,https://www.etf.com/WINC
1214,Short-Term,https://www.etf.com/BSCE
1215,Short-Term,https://www.etf.com/SBND
1216,Short-Term,https://www.etf.com/BBSA
1217,Short-Term,https://www.etf.com/TBUX
1218,Short-Term,https://www.etf.com/IBCE
1219,Short-Term,https://www.etf.com/FHYS
1220,Short-Term,https://www.etf.com/FCSH
1221,Short-Term,https://www.etf.com/GSIG
1222,Short-Term,https://www.etf.com/EMSH
1223,Short-Term,https://www.etf.com/FSIG
1224,Silver Miners,https://www.etf.com/SIL
1225,Silver Miners,https://www.etf.com/SILJ
1226,Silver Miners,https://www.etf.com/SLVP
1227,Silver Miners,https://www.etf.com/SILX
1228,Silver Miners,https://www.etf.com/SINV
1229,Software,https://www.etf.com/IGV
1230,Software,https://www.etf.com/PSJ
1231,Software,https://www.etf.com/SWAR
1232,Software & Services,https://www.etf.com/SKYY
1233,Software & Services,https://www.etf.com/WCLD
1234,Software & Services,https://www.etf.com/XSW
1235,Software & Services,https://www.etf.com/FCLD
1236,Software & Services,https://www.etf.com/CLDS
1237,Software & Services,https://www.etf.com/CLDL
1238,Software & Services,https://www.etf.com/SKYU
1239,Software & Services,https://www.etf.com/BIGY
1240,Space,https://www.etf.com/ARKX
1241,Space,https://www.etf.com/UFO
1242,Space,https://www.etf.com/ROKT
1243,Specialized REITs,https://www.etf.com/SRVR
1244,Specialized REITs,https://www.etf.com/VPN
1245,Steel Producers,https://www.etf.com/SLX
1246,Tactical Asset Allocation,https://www.etf.com/RPAR
1247,Tactical Asset Allocation,https://www.etf.com/QAI
1248,Tactical Asset Allocation,https://www.etf.com/DALT
1249,Tactical Asset Allocation,https://www.etf.com/FLSP
1250,Tactical Asset Allocation,https://www.etf.com/TRTY
1251,Tactical Asset Allocation,https://www.etf.com/GAA
1252,Tactical Asset Allocation,https://www.etf.com/HDG
1253,Tactical Asset Allocation,https://www.etf.com/VEGA
1254,Tactical Asset Allocation,https://www.etf.com/ALTY
1255,Tactical Asset Allocation,https://www.etf.com/UPAR
1256,Tactical Asset Allocation,https://www.etf.com/HTUS
1257,Tactical Asset Allocation,https://www.etf.com/FORH
1258,Tactical Asset Allocation,https://www.etf.com/ALTS
1259,Tactical Asset Allocation,https://www.etf.com/MCRO
1260,Telecoms,https://www.etf.com/IYZ
1261,Telecoms,https://www.etf.com/XTL
1262,Telecoms,https://www.etf.com/LTL
1263,Timber,https://www.etf.com/WOOD
1264,Timber,https://www.etf.com/CUT
1265,Transportation,https://www.etf.com/IYT
1266,Transportation,https://www.etf.com/XTN
1267,Transportation,https://www.etf.com/FTXR
1268,Transportation,https://www.etf.com/TPOR
1269,Transportation,https://www.etf.com/BOAT
1270,Transportation,https://www.etf.com/SEA
1271,Ultra-Short Term,https://www.etf.com/JPST
1272,Ultra-Short Term,https://www.etf.com/SHV
1273,Ultra-Short Term,https://www.etf.com/BIL
1274,Ultra-Short Term,https://www.etf.com/ICSH
1275,Ultra-Short Term,https://www.etf.com/GSY
1276,Ultra-Short Term,https://www.etf.com/VUSB
1277,Ultra-Short Term,https://www.etf.com/BSCM
1278,Ultra-Short Term,https://www.etf.com/GBIL
1279,Ultra-Short Term,https://www.etf.com/SGOV
1280,Ultra-Short Term,https://www.etf.com/BSJM
1281,Ultra-Short Term,https://www.etf.com/CLTL
1282,Ultra-Short Term,https://www.etf.com/GSST
1283,Ultra-Short Term,https://www.etf.com/ULST
1284,Ultra-Short Term,https://www.etf.com/IBMK
1285,Ultra-Short Term,https://www.etf.com/VALT
1286,Ultra-Short Term,https://www.etf.com/OPER
1287,Ultra-Short Term,https://www.etf.com/FUMB
1288,Ultra-Short Term,https://www.etf.com/ULTR
1289,Ultra-Short Term,https://www.etf.com/BSMM
1290,Ultra-Short Term,https://www.etf.com/BSBE
1291,Ultra-Short Term,https://www.etf.com/IBTB
1292,Ultra-Short Term,https://www.etf.com/AWTM
1293,Ultra-Short Term,https://www.etf.com/BKUI
1294,Ultra-Short Term,https://www.etf.com/BILS
1295,Ultra-Short Term,https://www.etf.com/USI
1296,Ultra-Short Term,https://www.etf.com/FLUD
1297,Value,https://www.etf.com/VTV
1298,Value,https://www.etf.com/IWD
1299,Value,https://www.etf.com/VBR
1300,Value,https://www.etf.com/IVE
1301,Value,https://www.etf.com/VOE
1302,Value,https://www.etf.com/EFV
1303,Value,https://www.etf.com/IWN
1304,Value,https://www.etf.com/IWS
1305,Value,https://www.etf.com/SPYV
1306,Value,https://www.etf.com/VLUE
1307,Value,https://www.etf.com/IUSV
1308,Value,https://www.etf.com/SCHV
1309,Value,https://www.etf.com/IJS
1310,Value,https://www.etf.com/IJJ
1311,Value,https://www.etf.com/VONV
1312,Value,https://www.etf.com/DFAT
1313,Value,https://www.etf.com/MGV
1314,Value,https://www.etf.com/SLYV
1315,Value,https://www.etf.com/DFIV
1316,Value,https://www.etf.com/RPV
1317,Value,https://www.etf.com/VOOV
1318,Value,https://www.etf.com/AVUV
1319,Value,https://www.etf.com/MDYV
1320,Value,https://www.etf.com/AVDV
1321,Value,https://www.etf.com/NULV
1322,Value,https://www.etf.com/IVLU
1323,Value,https://www.etf.com/VIOV
1324,Value,https://www.etf.com/IWX
1325,Value,https://www.etf.com/FTA
1326,Value,https://www.etf.com/VTWV
1327,Value,https://www.etf.com/PWV
1328,Value,https://www.etf.com/IVOV
1329,Value,https://www.etf.com/ILCV
1330,Value,https://www.etf.com/XSVM
1331,Value,https://www.etf.com/JVAL
1332,Value,https://www.etf.com/VFVA
1333,Value,https://www.etf.com/FVAL
1334,Value,https://www.etf.com/IMCV
1335,Value,https://www.etf.com/AIVL
1336,Value,https://www.etf.com/ISCV
1337,Value,https://www.etf.com/NUMV
1338,Value,https://www.etf.com/RZV
1339,Value,https://www.etf.com/XMVM
1340,Value,https://www.etf.com/VLU
1341,Value,https://www.etf.com/FYT
1342,Value,https://www.etf.com/FNK
1343,Value,https://www.etf.com/PY
1344,Value,https://www.etf.com/QVAL
1345,Value,https://www.etf.com/FLV
1346,Value,https://www.etf.com/SPVU
1347,Value,https://www.etf.com/AVLV
1348,Value,https://www.etf.com/OSCV
1349,Value,https://www.etf.com/SVAL
1350,Value,https://www.etf.com/FAB
1351,Value,https://www.etf.com/ISVL
1352,Value,https://www.etf.com/RFV
1353,Value,https://www.etf.com/IVAL
1354,Value,https://www.etf.com/AIVI
1355,Value,https://www.etf.com/FBCV
1356,Value,https://www.etf.com/GVAL
1357,Value,https://www.etf.com/EWJV
1358,Value,https://www.etf.com/AVES
1359,Value,https://www.etf.com/ABEQ
1360,Value,https://www.etf.com/SPDV
1361,Value,https://www.etf.com/SPVM
1362,Value,https://www.etf.com/DEEP
1363,Value,https://www.etf.com/WBIF
1364,Value,https://www.etf.com/DBLV
1365,Value,https://www.etf.com/ZIG
1366,Value,https://www.etf.com/JAVA
1367,Value,https://www.etf.com/FIVA
1368,Value,https://www.etf.com/FOVL
1369,Value,https://www.etf.com/IWDL
1370,Value,https://www.etf.com/AVIV
1371,Value,https://www.etf.com/KVLE
1372,Value,https://www.etf.com/RWVG
1373,Value,https://www.etf.com/CVAR
1374,Value,https://www.etf.com/PVAL
1375,Value,https://www.etf.com/REVS
1376,Value,https://www.etf.com/SQLV
1377,Value,https://www.etf.com/UVDV
1378,Value,https://www.etf.com/FPAG
1379,Value,https://www.etf.com/EEMD
1380,Value,https://www.etf.com/STLV
1381,Value,https://www.etf.com/HVAL
1382,Value,https://www.etf.com/NVQ
1383,Value,https://www.etf.com/CFCV
1384,Value,https://www.etf.com/USVT
1385,Value,https://www.etf.com/AVSC
1386,Value,https://www.etf.com/DMDV
1387,Value,https://www.etf.com/AILV
1388,Value,https://www.etf.com/DFSV
1389,Value,https://www.etf.com/DISV
1390,Variable,https://www.etf.com/FTGC
1391,Variable,https://www.etf.com/HCOM
1392,Variable,https://www.etf.com/HGER
1393,Variable,https://www.etf.com/GLDX
1394,Video Games & eSports,https://www.etf.com/ESPO
1395,Video Games & eSports,https://www.etf.com/HERO
1396,Video Games & eSports,https://www.etf.com/GAMR
1397,Video Games & eSports,https://www.etf.com/NERD
1398,Video Games & eSports,https://www.etf.com/BNGE
1399,Water,https://www.etf.com/PHO
1400,Water,https://www.etf.com/FIW
1401,Water,https://www.etf.com/CGW
1402,Water,https://www.etf.com/PIO
1403,Water,https://www.etf.com/EBLU
1404,Water,https://www.etf.com/AQWA
